name, movieTitle
"Joel Silver", "The Matrix"
"Joel Silver", "The Matrix Reloaded"
"Joel Silver", "The Matrix Revolutions"
"Cameron Crowe", "Jerry Maguire"
"Rob Reiner", "When Harry Met Sally"
"Nora Ephron", "When Harry Met Sally"
"Stefan Arndt", "Cloud Atlas"
"Lilly Wachowski", "V for Vendetta"
"Lana Wachowski", "V for Vendetta"
"Joel Silver", "V for Vendetta"
"Joel Silver", "Speed Racer"
"Lilly Wachowski", "Ninja Assassin"
"Lana Wachowski", "Ninja Assassin"
"Joel Silver", "Ninja Assassin"
"Nancy Meyers", "Something's Gotta Give"
