APP ID,Short Name,Tier,Id,SERVICE NAME
3595,SN01,0,256,SERVICENAME01
3596,SN02,0,256,SERVICENAME02
3268,SN03,0,257,SERVICENAME03
1907,SN04,0,259,SERVICENAME04
1915,SN05,0,259,SERVICENAME05
1921,SN06,0,259,SERVICENAME06
2085,SN07,0,259,SERVICENAME07
2357,SN08,0,259,SERVICENAME08
2360,SN09,0,259,SERVICENAME09
2360,SN10,0,259,SERVICENAME10
2362,SN11,0,259,SERVICENAME11
2485,SN12,0,259,SERVICENAME12
2496,SN13,0,259,SERVICENAME13
2507,SN14,0,259,SERVICENAME14
2524,SN15,0,259,SERVICENAME15
2713,SN16,0,259,SERVICENAME16
2714,SN17,0,259,SERVICENAME17
2848,SN18,0,259,SERVICENAME18
2856,SN19,0,259,SERVICENAME19
2880,SN20,0,259,SERVICENAME20
2898,SN21,0,259,SERVICENAME21
2902,SN22,0,259,SERVICENAME22
2951,SN23,0,259,SERVICENAME23
2990,SN24,0,259,SERVICENAME24
2993,SN25,0,259,SERVICENAME25
3258,SN26,0,259,SERVICENAME26
3512,SN27,0,259,SERVICENAME27
3572,SN28,0,259,SERVICENAME28
3573,SN29,0,259,SERVICENAME29
3724,SN30,0,259,SERVICENAME30
3765,SN31,0,259,SERVICENAME31
3790,SN32,0,259,SERVICENAME32
3823,SN33,0,259,SERVICENAME33
4143,SN34,0,259,SERVICENAME34
3936,SN35,0,259,SERVICENAME35
1521,SN36,0,260,SERVICENAME36
1632,SN37,0,260,SERVICENAME37
833,SN38,0,261,SERVICENAME38
840,SN39,0,261,SERVICENAME39
844,SN40,0,261,SERVICENAME40
1634,SN41,0,261,SERVICENAME41
2155,SN42,0,261,SERVICENAME42
3730,SN43,0,261,SERVICENAME43
1610,SN44,0,262,SERVICENAME44
1588,SN45,0,263,SERVICENAME45
1726,SN46,0,263,SERVICENAME46
3421,SN47,0,265,SERVICENAME47
3591,SN48,0,265,SERVICENAME48
967,SN49,2,266,SERVICENAME49
3690,SN50,2,266,SERVICENAME50
815,SN51,2,266,SERVICENAME51
2084,SN52,2,266,SERVICENAME52
3789,SN53,2,266,SERVICENAME53
1657,SN54,2,267,SERVICENAME54
1673,SN55,0,268,SERVICENAME55
1655,SN56,0,270,SERVICENAME56
1632,SN57,1,271,SERVICENAME57
1687,SN58,0,271,SERVICENAME58
2640,SN59,1,271,SERVICENAME59
3502,SN60,0,271,SERVICENAME60
3292,SN61,1,275,SERVICENAME61
3307,SN62,1,275,SERVICENAME62
2900,SN63,0,276,SERVICENAME63
2901,SN64,0,276,SERVICENAME64
2363,SN65,0,277,SERVICENAME65
2533,SN66,0,277,SERVICENAME66
1911,SN67,0,278,SERVICENAME67
1914,SN68,0,278,SERVICENAME68
1920,SN69,0,278,SERVICENAME69
2050,SN70,0,278,SERVICENAME70
2732,SN71,0,278,SERVICENAME71
3438,SN72,0,278,SERVICENAME72
3551,SN73,0,278,SERVICENAME73
2978,SN74,0,280,SERVICENAME74
1912,SN75,0,281,SERVICENAME75
1912,SN76,0,281,SERVICENAME76
3423,SN77,0,281,SERVICENAME77
3632,SN78,0,281,SERVICENAME78
1923,SN79,0,282,SERVICENAME79
1909,SN80,0,283,SERVICENAME80
1915,SN81,0,283,SERVICENAME81
2909,SN82,0,283,SERVICENAME82
2976,SN83,0,283,SERVICENAME83
2977,SN84,0,283,SERVICENAME84
2977,SN85,0,283,SERVICENAME85
4070,SN86,0,283,SERVICENAME86
1910,SN87,0,285,SERVICENAME87
1907,SN88,0,286,SERVICENAME88
2151,SN89,0,286,SERVICENAME89
2913,SN90,0,286,SERVICENAME90
1913,SN91,0,286,SERVICENAME91
2004,SN92,0,287,SERVICENAME92
2362,SN93,0,288,SERVICENAME93
1772,SN94,0,289,SERVICENAME94
3394,SN95,0,291,SERVICENAME95
1512,SN96,0,292,SERVICENAME96
4043,SN97,2,293,SERVICENAME97
3347,SN98,0,294,SERVICENAME98
1255,SN99,0,296,SERVICENAME99
3751,SN100,0,296,SERVICENAME100
703,SN101,0,297,SERVICENAME101
1513,SN102,0,298,SERVICENAME102
1501,SN103,0,299,SERVICENAME103
2676,SN104,1,301,SERVICENAME104
937,SN105,2,302,SERVICENAME105
1643,SN106,2,302,SERVICENAME106
1644,SN107,2,302,SERVICENAME107
1771,SN108,2,302,SERVICENAME108
3080,SN109,2,302,SERVICENAME109
3756,SN110,2,302,SERVICENAME110
2967,SN111,0,303,SERVICENAME111
2532,SN112,0,306,SERVICENAME112
2724,SN113,0,306,SERVICENAME113
1765,SN114,0,306,SERVICENAME114
4142,SN115,1,306,SERVICENAME115
1356,SN116,0,307,SERVICENAME116
1770,SN117,1,308,SERVICENAME117
1216,SN118,0,309,SERVICENAME118
1382,SN119,0,309,SERVICENAME119
2892,SN120,0,309,SERVICENAME120
2893,SN121,0,309,SERVICENAME121
2895,SN122,0,309,SERVICENAME122
2896,SN123,0,309,SERVICENAME123
2896,SN124,0,309,SERVICENAME124
2897,SN125,0,309,SERVICENAME125
2899,SN126,0,309,SERVICENAME126
898,SN127,0,310,SERVICENAME127
899,SN128,0,312,SERVICENAME128
1478,SN129,0,313,SERVICENAME129
1538,SN130,0,313,SERVICENAME130
3812,SN131,0,313,SERVICENAME131
1514,SN132,1,314,SERVICENAME132
1718,SN133,1,314,SERVICENAME133
842,SN134,0,315,SERVICENAME134
850,SN135,0,315,SERVICENAME135
1205,SN136,0,315,SERVICENAME136
1205,SN137,0,315,SERVICENAME137
1220,SN138,0,315,SERVICENAME138
1336,SN139,1,315,SERVICENAME139
1812,SN140,0,315,SERVICENAME140
1813,SN141,1,315,SERVICENAME141
1210,SN142,0,317,SERVICENAME142
1354,SN143,0,317,SERVICENAME143
1225,SN144,1,318,SERVICENAME144
1630,SN145,1,318,SERVICENAME145
1834,SN146,1,318,SERVICENAME146
2697,SN147,1,318,SERVICENAME147
2730,SN148,1,318,SERVICENAME148
3191,SN149,1,318,SERVICENAME149
1346,SN150,1,318,SERVICENAME150
2697,SN151,1,318,SERVICENAME151
2705,SN152,0,319,SERVICENAME152
2706,SN153,0,319,SERVICENAME153
3625,SN154,0,319,SERVICENAME154
1324,SN155,0,320,SERVICENAME155
1357,SN156,0,320,SERVICENAME156
3974,SN157,0,320,SERVICENAME157
1916,SN158,0,322,SERVICENAME158
1917,SN159,0,322,SERVICENAME159
1918,SN160,0,322,SERVICENAME160
1928,SN161,0,322,SERVICENAME161
2356,SN162,0,322,SERVICENAME162
2534,SN163,0,322,SERVICENAME163
1925,SN164,0,323,SERVICENAME164
1925,SN165,0,323,SERVICENAME165
1927,SN166,0,323,SERVICENAME166
2192,SN167,0,323,SERVICENAME167
3122,SN168,0,323,SERVICENAME168
3155,SN169,0,323,SERVICENAME169
3290,SN170,0,323,SERVICENAME170
3506,SN171,0,323,SERVICENAME171
3605,SN172,0,323,SERVICENAME172
3620,SN173,0,323,SERVICENAME173
1926,SN174,2,323,SERVICENAME174
1909,SN175,2,323,SERVICENAME175
1263,SN176,0,324,SERVICENAME176
4028,SN177,0,325,SERVICENAME177
3746,SN178,0,325,SERVICENAME178
3640,SN179,0,327,SERVICENAME179
3137,SN180,1,329,SERVICENAME180
920,SN181,0,330,SERVICENAME181
775,SN182,0,331,SERVICENAME182
1445,SN183,1,333,SERVICENAME183
699,SN184,0,334,SERVICENAME184
836,SN185,0,335,SERVICENAME185
1398,SN186,0,335,SERVICENAME186
1387,SN187,0,336,SERVICENAME187
2901,SN188,0,336,SERVICENAME188
1964,SN189,0,338,SERVICENAME189
1935,SN190,0,339,SERVICENAME190
2192,SN191,1,340,SERVICENAME191
1692,SN192,0,340,SERVICENAME192
1234,SN193,0,341,SERVICENAME193
1339,SN194,1,341,SERVICENAME194
1470,SN195,0,343,SERVICENAME195
1677,SN196,0,343,SERVICENAME196
2676,SN197,0,343,SERVICENAME197
1616,SN198,1,344,SERVICENAME198
1213,SN199,0,345,SERVICENAME199
4109,SN200,1,346,SERVICENAME200
1245,SN201,0,348,SERVICENAME201
2817,SN202,0,348,SERVICENAME202
899,SN203,0,348,SERVICENAME203
3137,SN204,0,349,SERVICENAME204
2816,SN205,0,350,SERVICENAME205
3603,SN206,0,350,SERVICENAME206
3756,SN207,1,350,SERVICENAME207
3770,SN208,0,350,SERVICENAME208
3606,SN209,1,350,SERVICENAME209
1922,SN210,0,351,SERVICENAME210
2355,SN211,0,351,SERVICENAME211
2886,SN212,0,351,SERVICENAME212
3710,SN213,0,351,SERVICENAME213
640,SN214,0,352,SERVICENAME214
2474,SN215,1,354,SERVICENAME215
2079,SN216,1,355,SERVICENAME216
2618,SN217,1,356,SERVICENAME217
1896,SN218,1,357,SERVICENAME218
1402,SN219,1,359,SERVICENAME219
807,SN220,1,360,SERVICENAME220
934,SN221,1,361,SERVICENAME221
966,SN222,1,362,SERVICENAME222
803,SN223,2,364,SERVICENAME223
954,SN224,1,365,SERVICENAME224
674,SN225,1,369,SERVICENAME225
1582,SN226,0,371,SERVICENAME226
2152,SN227,0,372,SERVICENAME227
2870,SN228,0,374,SERVICENAME228
1537,SN229,0,375,SERVICENAME229
1322,SN230,0,375,SERVICENAME230
1515,SN231,0,376,SERVICENAME231
3226,SN232,0,377,SERVICENAME232
3278,SN233,0,377,SERVICENAME233
3474,SN234,0,378,SERVICENAME234
3939,SN235,0,380,SERVICENAME235
888,SN236,0,381,SERVICENAME236
1608,SN237,0,382,SERVICENAME237
1725,SN238,0,382,SERVICENAME238
3147,SN239,0,382,SERVICENAME239
1800,SN240,0,383,SERVICENAME240
3027,SN241,0,385,SERVICENAME241
3030,SN242,0,385,SERVICENAME242
2648,SN243,0,386,SERVICENAME243
2649,SN244,0,386,SERVICENAME244
3736,SN245,0,388,SERVICENAME245
2687,SN246,0,390,SERVICENAME246
2687,SN247,0,390,SERVICENAME247
3828,SN248,1,391,SERVICENAME248
3688,SN249,0,391,SERVICENAME249
3524,SN250,0,392,SERVICENAME250
1847,SN251,1,393,SERVICENAME251
1660,SN252,0,395,SERVICENAME252
3758,SN253,0,395,SERVICENAME253
1252,SN254,0,396,SERVICENAME254
1253,SN255,0,396,SERVICENAME255
2069,SN256,0,396,SERVICENAME256
3580,SN257,0,396,SERVICENAME257
1705,SN258,0,397,SERVICENAME258
1705,SN259,0,397,SERVICENAME259
1528,SN260,0,398,SERVICENAME260
1615,SN261,0,398,SERVICENAME261
1502,SN262,0,399,SERVICENAME262
3250,SN263,0,399,SERVICENAME263
3803,SN264,0,399,SERVICENAME264
3276,SN265,0,401,SERVICENAME265
2640,SN266,0,402,SERVICENAME266
3210,SN267,0,403,SERVICENAME267
3955,SN268,0,403,SERVICENAME268
1686,SN269,0,403,SERVICENAME269
3098,SN270,0,404,SERVICENAME270
2950,SN271,0,407,SERVICENAME271
2968,SN272,0,408,SERVICENAME272
897,SN273,0,409,SERVICENAME273
1846,SN274,0,411,SERVICENAME274
3262,SN275,0,412,SERVICENAME275
3638,SN276,1,413,SERVICENAME276
2709,SN277,0,414,SERVICENAME277
3711,SN278,0,416,SERVICENAME278
1548,SN279,0,417,SERVICENAME279
2480,SN280,0,418,SERVICENAME280
3712,SN281,0,419,SERVICENAME281
3533,SN282,0,420,SERVICENAME282
1203,SN283,0,422,SERVICENAME283
1844,SN284,0,423,SERVICENAME284
1813,SN285,1,427,SERVICENAME285
2881,SN286,1,428,SERVICENAME286
1496,SN287,1,429,SERVICENAME287
3670,SN288,1,430,SERVICENAME288
2598,SN289,2,432,SERVICENAME289
3778,SN290,2,432,SERVICENAME290
4069,SN291,2,432,SERVICENAME291
1717,SN292,1,433,SERVICENAME292
3242,SN293,0,434,SERVICENAME293
1539,SN294,1,435,SERVICENAME294
1540,SN295,1,435,SERVICENAME295
2693,SN296,1,435,SERVICENAME296
3709,SN297,2,437,SERVICENAME297
1569,SN298,2,438,SERVICENAME298
1585,SN299,2,438,SERVICENAME299
1666,SN300,1,439,SERVICENAME300
946,SN301,2,440,SERVICENAME301
1893,SN302,2,440,SERVICENAME302
3112,SN303,2,440,SERVICENAME303
3535,SN304,2,440,SERVICENAME304
3757,SN305,2,440,SERVICENAME305
3968,SN306,2,440,SERVICENAME306
3091,SN307,2,440,SERVICENAME307
4098,SN308,2,440,SERVICENAME308
1213,SN309,1,441,SERVICENAME309
3764,SN310,2,443,SERVICENAME310
1897,SN311,1,444,SERVICENAME311
1750,SN312,2,445,SERVICENAME312
3633,SN313,1,445,SERVICENAME313
1792,SN314,1,448,SERVICENAME314
1992,SN315,1,449,SERVICENAME315
1683,SN316,1,450,SERVICENAME316
1666,SN317,1,451,SERVICENAME317
2075,SN318,1,453,SERVICENAME318
1279,SN319,1,454,SERVICENAME319
3642,SN320,1,455,SERVICENAME320
2077,SN321,1,456,SERVICENAME321
3507,SN322,1,458,SERVICENAME322
4085,SN323,0,458,SERVICENAME323
4085,SN324,0,458,SERVICENAME324
2059,SN325,1,459,SERVICENAME325
3582,SN326,1,460,SERVICENAME326
2079,SN327,2,460,SERVICENAME327
3623,SN328,0,460,SERVICENAME328
1844,SN329,1,461,SERVICENAME329
1781,SN330,2,462,SERVICENAME330
2818,SN331,2,462,SERVICENAME331
2822,SN332,2,462,SERVICENAME332
2881,SN333,2,462,SERVICENAME333
3409,SN334,2,462,SERVICENAME334
3695,SN335,1,464,SERVICENAME335
3745,SN336,1,464,SERVICENAME336
4034,SN337,1,464,SERVICENAME337
1564,SN338,2,465,SERVICENAME338
3692,SN339,2,465,SERVICENAME339
3682,SN340,1,466,SERVICENAME340
3561,SN341,1,467,SERVICENAME341
1496,SN342,1,469,SERVICENAME342
3283,SN343,1,470,SERVICENAME343
3393,SN344,1,471,SERVICENAME344
3042,SN345,2,472,SERVICENAME345
1677,SN346,1,474,SERVICENAME346
3620,SN347,1,474,SERVICENAME347
3336,SN348,1,475,SERVICENAME348
2967,SN349,2,476,SERVICENAME349
3417,SN350,1,476,SERVICENAME350
3339,SN351,1,477,SERVICENAME351
2156,SN352,1,479,SERVICENAME352
1759,SN353,1,480,SERVICENAME353
2680,SN354,1,481,SERVICENAME354
3685,SN355,1,482,SERVICENAME355
3695,SN356,2,484,SERVICENAME356
3561,SN357,1,485,SERVICENAME357
3165,SN358,1,486,SERVICENAME358
3705,SN359,2,486,SERVICENAME359
3148,SN360,1,487,SERVICENAME360
1931,SN361,1,488,SERVICENAME361
3348,SN362,1,490,SERVICENAME362
2816,SN363,1,492,SERVICENAME363
2619,SN364,1,493,SERVICENAME364
1663,SN365,1,495,SERVICENAME365
3564,SN366,1,496,SERVICENAME366
844,SN367,1,497,SERVICENAME367
3246,SN368,1,498,SERVICENAME368
1259,SN369,1,500,SERVICENAME369
4155,SN370,1,500,SERVICENAME370
3449,SN371,1,501,SERVICENAME371
3829,SN372,1,501,SERVICENAME372
1540,SN373,2,509,SERVICENAME373
1223,SN374,2,511,SERVICENAME374
1391,SN375,2,511,SERVICENAME375
1590,SN376,2,511,SERVICENAME376
1969,SN377,2,511,SERVICENAME377
2625,SN378,2,511,SERVICENAME378
1349,SN379,2,512,SERVICENAME379
1351,SN380,2,512,SERVICENAME380
2619,SN381,2,512,SERVICENAME381
3263,SN382,2,512,SERVICENAME382
2541,SN383,2,514,SERVICENAME383
3017,SN384,2,516,SERVICENAME384
3405,SN385,0,519,SERVICENAME385
3164,SN386,0,519,SERVICENAME386
3666,SN387,0,519,SERVICENAME387
1681,SN388,2,524,SERVICENAME388
1771,SN389,2,524,SERVICENAME389
2069,SN390,2,524,SERVICENAME390
4120,SN391,2,524,SERVICENAME391
932,SN392,2,526,SERVICENAME392
1452,SN393,2,526,SERVICENAME393
2625,SN394,2,526,SERVICENAME394
3207,SN395,2,526,SERVICENAME395
3591,SN396,2,526,SERVICENAME396
3795,SN397,2,526,SERVICENAME397
1608,SN398,2,534,SERVICENAME398
2194,SN399,2,534,SERVICENAME399
2985,SN400,2,534,SERVICENAME400
3704,SN401,2,534,SERVICENAME401
3726,SN402,2,534,SERVICENAME402
3831,SN403,2,534,SERVICENAME403
3273,SN404,2,534,SERVICENAME404
3834,SN405,2,534,SERVICENAME405
2161,SN406,2,534,SERVICENAME406
3190,SN407,2,534,SERVICENAME407
3296,SN408,2,539,SERVICENAME408
3297,SN409,2,539,SERVICENAME409
3784,SN410,2,539,SERVICENAME410
1450,SN411,2,544,SERVICENAME411
1468,SN412,2,544,SERVICENAME412
1675,SN413,2,544,SERVICENAME413
1730,SN414,2,544,SERVICENAME414
1791,SN415,2,544,SERVICENAME415
941,SN416,2,550,SERVICENAME416
1451,SN417,1,550,SERVICENAME417
1694,SN418,2,550,SERVICENAME418
1702,SN419,2,550,SERVICENAME419
3579,SN420,2,550,SERVICENAME420
1758,SN421,2,550,SERVICENAME421
3934,SN422,2,550,SERVICENAME422
1471,SN423,2,551,SERVICENAME423
1472,SN424,2,551,SERVICENAME424
1559,SN425,2,551,SERVICENAME425
1561,SN426,2,551,SERVICENAME426
1562,SN427,2,551,SERVICENAME427
1613,SN428,2,551,SERVICENAME428
1770,SN429,2,551,SERVICENAME429
2075,SN430,2,551,SERVICENAME430
2352,SN431,2,551,SERVICENAME431
3683,SN432,2,551,SERVICENAME432
3768,SN433,2,551,SERVICENAME433
3769,SN434,2,551,SERVICENAME434
3832,SN435,2,551,SERVICENAME435
1697,SN436,2,589,SERVICENAME436
1775,SN437,2,589,SERVICENAME437
2660,SN438,2,589,SERVICENAME438
2810,SN439,2,589,SERVICENAME439
3475,SN440,2,589,SERVICENAME440
958,SN441,2,590,SERVICENAME441
2354,SN442,2,590,SERVICENAME442
3775,SN443,2,591,SERVICENAME443
3892,SN444,2,591,SERVICENAME444
3849,SN445,2,591,SERVICENAME445
3575,SN446,2,592,SERVICENAME446
1579,SN447,2,597,SERVICENAME447
2150,SN448,2,597,SERVICENAME448
3632,SN449,2,597,SERVICENAME449
3864,SN450,2,597,SERVICENAME450
3727,SN451,2,597,SERVICENAME451
1727,SN452,2,597,SERVICENAME452
1672,SN453,2,616,SERVICENAME453
2620,SN454,2,616,SERVICENAME454
2621,SN455,2,616,SERVICENAME455
3811,SN456,1,616,SERVICENAME456
3944,SN457,2,616,SERVICENAME457
3774,SN458,2,617,SERVICENAME458
1576,SN459,2,618,SERVICENAME459
1402,SN460,2,619,SERVICENAME460
2820,SN461,2,619,SERVICENAME461
2996,SN462,2,619,SERVICENAME462
4094,SN463,2,619,SERVICENAME463
2184,SN464,2,619,SERVICENAME464
1222,SN465,2,623,SERVICENAME465
1761,SN466,2,623,SERVICENAME466
1660,SN467,2,624,SERVICENAME467
1673,SN468,2,624,SERVICENAME468
1736,SN469,2,624,SERVICENAME469
1930,SN470,2,624,SERVICENAME470
1974,SN471,2,624,SERVICENAME471
2652,SN472,2,624,SERVICENAME472
3471,SN473,2,624,SERVICENAME473
3261,SN474,2,631,SERVICENAME474
1808,SN475,0,638,SERVICENAME475
3027,SN476,0,638,SERVICENAME476
1901,SN477,2,645,SERVICENAME477
1977,SN478,2,645,SERVICENAME478
2003,SN479,2,645,SERVICENAME479
2003,SN480,2,645,SERVICENAME480
2012,SN481,2,645,SERVICENAME481
2016,SN482,2,645,SERVICENAME482
2706,SN483,2,645,SERVICENAME483
1901,SN484,2,645,SERVICENAME484
3030,SN485,2,668,SERVICENAME485
3172,SN486,2,668,SERVICENAME486
2085,SN487,2,671,SERVICENAME487
3404,SN488,2,671,SERVICENAME488
1738,SN489,2,673,SERVICENAME489
2629,SN490,2,673,SERVICENAME490
3753,SN491,2,673,SERVICENAME491
3190,SN492,2,679,SERVICENAME492
3187,SN493,2,679,SERVICENAME493
828,SN494,2,683,SERVICENAME494
3768,SN495,2,683,SERVICENAME495
779,SN496,2,716,SERVICENAME496
1298,SN497,2,716,SERVICENAME497
3481,SN498,0,718,SERVICENAME498
3448,SN499,2,720,SERVICENAME499
1622,SN500,2,722,SERVICENAME500
1625,SN501,2,722,SERVICENAME501
1742,SN502,2,722,SERVICENAME502
1904,SN503,2,722,SERVICENAME503
2062,SN504,2,722,SERVICENAME504
631,SN505,1,723,SERVICENAME505
642,SN506,1,725,SERVICENAME506
825,SN507,1,725,SERVICENAME507
1236,SN508,1,725,SERVICENAME508
2025,SN509,0,725,SERVICENAME509
1798,SN510,1,725,SERVICENAME510
1239,SN511,1,725,SERVICENAME511
1567,SN512,0,726,SERVICENAME512
3594,SN513,0,726,SERVICENAME513
3595,SN514,0,727,SERVICENAME514
707,SN515,1,728,SERVICENAME515
1207,SN516,1,728,SERVICENAME516
3200,SN517,1,728,SERVICENAME517
745,SN518,0,729,SERVICENAME518
746,SN519,0,729,SERVICENAME519
881,SN520,0,729,SERVICENAME520
1240,SN521,0,729,SERVICENAME521
1904,SN522,0,729,SERVICENAME522
1209,SN523,2,731,SERVICENAME523
3592,SN524,0,731,SERVICENAME524
1661,SN525,0,732,SERVICENAME525
2818,SN526,1,733,SERVICENAME526
1246,SN527,0,734,SERVICENAME527
666,SN528,2,736,SERVICENAME528
714,SN529,2,736,SERVICENAME529
831,SN530,2,736,SERVICENAME530
832,SN531,2,736,SERVICENAME531
942,SN532,2,736,SERVICENAME532
635,SN533,2,739,SERVICENAME533
830,SN534,2,739,SERVICENAME534
943,SN535,1,739,SERVICENAME535
660,SN536,2,739,SERVICENAME536
655,SN537,1,741,SERVICENAME537
645,SN538,1,741,SERVICENAME538
2040,SN539,0,742,SERVICENAME539
2066,SN540,0,743,SERVICENAME540
1975,SN541,0,744,SERVICENAME541
649,SN542,0,746,SERVICENAME542
1401,SN543,0,746,SERVICENAME543
1524,SN544,0,746,SERVICENAME544
3171,SN545,1,747,SERVICENAME545
3123,SN546,0,748,SERVICENAME546
644,SN547,1,749,SERVICENAME547
949,SN548,1,749,SERVICENAME548
3133,SN549,1,749,SERVICENAME549
3428,SN550,1,749,SERVICENAME550
1203,SN551,1,752,SERVICENAME551
2081,SN552,0,753,SERVICENAME552
1247,SN553,0,754,SERVICENAME553
636,SN554,1,755,SERVICENAME554
904,SN555,1,757,SERVICENAME555
744,SN556,1,758,SERVICENAME556
1208,SN557,0,759,SERVICENAME557
2005,SN558,0,760,SERVICENAME558
746,SN559,2,762,SERVICENAME559
924,SN560,2,762,SERVICENAME560
1341,SN561,2,762,SERVICENAME561
1354,SN562,2,762,SERVICENAME562
1390,SN563,2,762,SERVICENAME563
674,SN564,0,763,SERVICENAME564
2004,SN565,0,764,SERVICENAME565
2067,SN566,0,765,SERVICENAME566
1965,SN567,1,767,SERVICENAME567
1731,SN568,1,768,SERVICENAME568
3800,SN569,2,769,SERVICENAME569
3059,SN570,2,770,SERVICENAME570
3429,SN571,2,770,SERVICENAME571
3801,SN572,2,770,SERVICENAME572
662,SN573,2,771,SERVICENAME573
2043,SN574,2,771,SERVICENAME574
3153,SN575,2,771,SERVICENAME575
3797,SN576,2,771,SERVICENAME576
3188,SN577,2,771,SERVICENAME577
805,SN578,2,773,SERVICENAME578
834,SN579,2,773,SERVICENAME579
1266,SN580,2,773,SERVICENAME580
1333,SN581,2,773,SERVICENAME581
1338,SN582,2,773,SERVICENAME582
1732,SN583,2,773,SERVICENAME583
2588,SN584,2,773,SERVICENAME584
2196,SN585,2,774,SERVICENAME585
3256,SN586,2,775,SERVICENAME586
3289,SN587,2,775,SERVICENAME587
3622,SN588,1,775,SERVICENAME588
2159,SN589,2,776,SERVICENAME589
2083,SN590,2,778,SERVICENAME590
3159,SN591,0,779,SERVICENAME591
1611,SN592,2,780,SERVICENAME592
3755,SN593,0,781,SERVICENAME593
2195,SN594,2,783,SERVICENAME594
3255,SN595,2,784,SERVICENAME595
3182,SN596,2,785,SERVICENAME596
3180,SN597,2,786,SERVICENAME597
2992,SN598,2,788,SERVICENAME598
1404,SN599,2,790,SERVICENAME599
2065,SN600,1,791,SERVICENAME600
764,SN601,2,791,SERVICENAME601
3452,SN602,2,793,SERVICENAME602
2067,SN603,1,794,SERVICENAME603
680,SN604,1,795,SERVICENAME604
3193,SN605,1,795,SERVICENAME605
957,SN606,2,796,SERVICENAME606
1233,SN607,2,796,SERVICENAME607
3535,SN608,1,797,SERVICENAME608
4068,SN609,1,797,SERVICENAME609
3160,SN610,0,799,SERVICENAME610
3161,SN611,2,800,SERVICENAME611
3255,SN612,1,801,SERVICENAME612
1242,SN613,2,802,SERVICENAME613
1289,SN614,2,802,SERVICENAME614
1359,SN615,2,802,SERVICENAME615
1388,SN616,2,802,SERVICENAME616
1659,SN617,2,802,SERVICENAME617
1799,SN618,2,802,SERVICENAME618
2349,SN619,1,802,SERVICENAME619
2624,SN620,2,802,SERVICENAME620
3206,SN621,2,802,SERVICENAME621
3303,SN622,2,802,SERVICENAME622
3096,SN623,2,805,SERVICENAME623
950,SN624,2,806,SERVICENAME624
1395,SN625,2,806,SERVICENAME625
1715,SN626,2,806,SERVICENAME626
989,SN627,0,807,SERVICENAME627
786,SN628,2,809,SERVICENAME628
1816,SN629,1,810,SERVICENAME629
3104,SN630,2,810,SERVICENAME630
2933,SN631,0,811,SERVICENAME631
2657,SN632,0,814,SERVICENAME632
776,SN633,2,815,SERVICENAME633
956,SN634,2,816,SERVICENAME634
3637,SN635,2,817,SERVICENAME635
1587,SN636,1,818,SERVICENAME636
1412,SN637,2,820,SERVICENAME637
2587,SN638,2,821,SERVICENAME638
1715,SN639,2,822,SERVICENAME639
874,SN640,2,823,SERVICENAME640
1714,SN641,2,823,SERVICENAME641
1789,SN642,2,823,SERVICENAME642
3439,SN643,2,823,SERVICENAME643
3539,SN644,2,823,SERVICENAME644
2996,SN645,2,825,SERVICENAME645
3831,SN646,1,826,SERVICENAME646
3117,SN647,1,827,SERVICENAME647
1328,SN648,0,828,SERVICENAME648
1797,SN649,2,830,SERVICENAME649
1897,SN650,2,830,SERVICENAME650
3185,SN651,2,831,SERVICENAME651
1505,SN652,2,832,SERVICENAME652
3172,SN653,2,833,SERVICENAME653
2933,SN654,1,835,SERVICENAME654
2592,SN655,1,839,SERVICENAME655
3604,SN656,1,839,SERVICENAME656
3243,SN657,1,842,SERVICENAME657
713,SN658,2,843,SERVICENAME658
1239,SN659,2,844,SERVICENAME659
675,SN660,1,846,SERVICENAME660
1384,SN661,2,847,SERVICENAME661
1250,SN662,2,848,SERVICENAME662
725,SN663,0,853,SERVICENAME663
785,SN664,0,853,SERVICENAME664
829,SN665,0,853,SERVICENAME665
631,SN666,0,853,SERVICENAME666
652,SN667,0,857,SERVICENAME667
654,SN668,0,857,SERVICENAME668
1399,SN669,0,857,SERVICENAME669
804,SN670,2,858,SERVICENAME670
967,SN671,2,858,SERVICENAME671
1339,SN672,2,858,SERVICENAME672
1341,SN673,2,858,SERVICENAME673
1343,SN674,2,858,SERVICENAME674
1340,SN675,2,864,SERVICENAME675
1342,SN676,2,864,SERVICENAME676
1223,SN677,2,864,SERVICENAME677
1249,SN678,1,868,SERVICENAME678
668,SN679,2,869,SERVICENAME679
820,SN680,2,870,SERVICENAME680
805,SN681,2,870,SERVICENAME681
808,SN682,2,870,SERVICENAME682
912,SN683,0,875,SERVICENAME683
1436,SN684,0,877,SERVICENAME684
822,SN685,1,878,SERVICENAME685
718,SN686,2,879,SERVICENAME686
734,SN687,0,880,SERVICENAME687
1671,SN688,2,881,SERVICENAME688
912,SN689,1,883,SERVICENAME689
713,SN690,0,886,SERVICENAME690
733,SN691,0,886,SERVICENAME691
1353,SN692,0,886,SERVICENAME692
721,SN693,0,890,SERVICENAME693
672,SN694,0,890,SERVICENAME694
723,SN695,0,890,SERVICENAME695
1212,SN696,2,891,SERVICENAME696
1325,SN697,2,893,SERVICENAME697
1226,SN698,0,898,SERVICENAME698
1246,SN699,0,898,SERVICENAME699
1498,SN700,0,898,SERVICENAME700
3517,SN701,2,901,SERVICENAME701
3422,SN702,2,901,SERVICENAME702
788,SN703,2,901,SERVICENAME703
3516,SN704,2,901,SERVICENAME704
1723,SN705,2,901,SERVICENAME705
1817,SN706,2,901,SERVICENAME706
1232,SN707,0,903,SERVICENAME707
935,SN708,0,903,SERVICENAME708
761,SN709,0,903,SERVICENAME709
915,SN710,9,905,SERVICENAME710
3265,SN711,0,906,SERVICENAME711
741,SN712,9,907,SERVICENAME712
3320,SN713,0,909,SERVICENAME713
1520,SN714,0,910,SERVICENAME714
859,SN715,0,911,SERVICENAME715
890,SN716,9,912,SERVICENAME716
683,SN717,0,914,SERVICENAME717
1825,SN718,0,915,SERVICENAME718
1606,SN719,1,917,SERVICENAME719
1605,SN720,1,917,SERVICENAME720
3508,SN721,1,917,SERVICENAME721
3507,SN722,1,919,SERVICENAME722
1752,SN723,1,919,SERVICENAME723
1970,SN724,1,919,SERVICENAME724
3401,SN725,0,920,SERVICENAME725
783,SN726,0,921,SERVICENAME726
938,SN727,2,922,SERVICENAME727
1529,SN728,2,922,SERVICENAME728
1530,SN729,2,922,SERVICENAME729
2039,SN730,2,922,SERVICENAME730
2695,SN731,2,922,SERVICENAME731
3182,SN732,2,924,SERVICENAME732
3534,SN733,2,925,SERVICENAME733
3708,SN734,2,925,SERVICENAME734
1434,SN735,1,927,SERVICENAME735
3402,SN736,2,930,SERVICENAME736
3929,SN737,1,931,SERVICENAME737
3271,SN738,2,932,SERVICENAME738
1682,SN739,2,933,SERVICENAME739
3504,SN740,0,935,SERVICENAME740
3742,SN741,2,936,SERVICENAME741
891,SN742,1,938,SERVICENAME742
1895,SN743,0,940,SERVICENAME743
1978,SN744,2,942,SERVICENAME744
2006,SN745,2,942,SERVICENAME745
1917,SN746,0,943,SERVICENAME746
1928,SN747,0,943,SERVICENAME747
2358,SN748,1,943,SERVICENAME748
2682,SN749,0,943,SERVICENAME749
3168,SN750,0,943,SERVICENAME750
3323,SN751,0,943,SERVICENAME751
2886,SN752,1,945,SERVICENAME752
3560,SN753,1,946,SERVICENAME753
2359,SN754,0,948,SERVICENAME754
3211,SN755,2,948,SERVICENAME755
3235,SN756,2,948,SERVICENAME756
3335,SN757,2,948,SERVICENAME757
3400,SN758,2,948,SERVICENAME758
2695,SN759,0,948,SERVICENAME759
3087,SN760,2,951,SERVICENAME760
1724,SN761,2,956,SERVICENAME761
1530,SN762,2,956,SERVICENAME762
2038,SN763,2,956,SERVICENAME763
1531,SN764,2,956,SERVICENAME764
781,SN765,2,956,SERVICENAME765
1626,SN766,1,959,SERVICENAME766
3805,SN767,2,961,SERVICENAME767
3962,SN768,2,961,SERVICENAME768
3751,SN769,2,961,SERVICENAME769
3681,SN770,2,962,SERVICENAME770
3987,SN771,2,963,SERVICENAME771
962,SN772,2,964,SERVICENAME772
2033,SN773,0,966,SERVICENAME773
3148,SN774,2,967,SERVICENAME774
3719,SN775,2,967,SERVICENAME775
3280,SN776,1,968,SERVICENAME776
3281,SN777,2,968,SERVICENAME777
3284,SN778,2,968,SERVICENAME778
3285,SN779,2,968,SERVICENAME779
1935,SN780,1,969,SERVICENAME780
3403,SN781,0,972,SERVICENAME781
2507,SN782,0,973,SERVICENAME782
2363,SN783,2,974,SERVICENAME783
2364,SN784,2,974,SERVICENAME784
3282,SN785,2,974,SERVICENAME785
2365,SN786,2,975,SERVICENAME786
2366,SN787,2,975,SERVICENAME787
2368,SN788,2,975,SERVICENAME788
2635,SN789,2,975,SERVICENAME789
2635,SN790,2,975,SERVICENAME790
2636,SN791,2,975,SERVICENAME791
2637,SN792,2,975,SERVICENAME792
2637,SN793,2,975,SERVICENAME793
2847,SN794,2,975,SERVICENAME794
2632,SN795,2,979,SERVICENAME795
2633,SN796,2,980,SERVICENAME796
2634,SN797,2,982,SERVICENAME797
2634,SN798,2,983,SERVICENAME798
2367,SN799,2,984,SERVICENAME799
3992,SN800,2,985,SERVICENAME800
903,SN801,1,988,SERVICENAME801
3430,SN802,1,989,SERVICENAME802
1751,SN803,0,990,SERVICENAME803
3232,SN804,2,992,SERVICENAME804
3239,SN805,2,992,SERVICENAME805
3240,SN806,2,992,SERVICENAME806
3607,SN807,2,992,SERVICENAME807
2934,SN808,0,993,SERVICENAME808
1948,SN809,1,993,SERVICENAME809
1937,SN810,2,994,SERVICENAME810
2361,SN811,1,995,SERVICENAME811
1883,SN812,1,996,SERVICENAME812
1883,SN813,1,996,SERVICENAME813
1884,SN814,1,996,SERVICENAME814
1885,SN815,1,996,SERVICENAME815
1885,SN816,1,996,SERVICENAME816
1886,SN817,1,996,SERVICENAME817
1886,SN818,1,996,SERVICENAME818
1888,SN819,1,996,SERVICENAME819
1888,SN820,1,996,SERVICENAME820
1889,SN821,1,996,SERVICENAME821
1890,SN822,1,996,SERVICENAME822
1891,SN823,1,996,SERVICENAME823
1855,SN824,0,998,SERVICENAME824
1858,SN825,0,998,SERVICENAME825
2027,SN826,0,998,SERVICENAME826
3152,SN827,0,998,SERVICENAME827
1799,SN828,1,999,SERVICENAME828
1800,SN829,1,999,SERVICENAME829
1852,SN830,1,999,SERVICENAME830
1865,SN831,1,999,SERVICENAME831
2821,SN832,1,999,SERVICENAME832
3253,SN833,1,999,SERVICENAME833
2631,SN834,1,999,SERVICENAME834
1804,SN835,1,1000,SERVICENAME835
3082,SN836,1,1000,SERVICENAME836
3916,SN837,1,1000,SERVICENAME837
3279,SN838,0,1001,SERVICENAME838
2070,SN839,0,1003,SERVICENAME839
1543,SN840,1,1004,SERVICENAME840
1543,SN841,1,1004,SERVICENAME841
1781,SN842,1,1004,SERVICENAME842
1809,SN843,1,1004,SERVICENAME843
2530,SN844,1,1004,SERVICENAME844
3090,SN845,1,1004,SERVICENAME845
1776,SN846,0,1005,SERVICENAME846
1293,SN847,0,1005,SERVICENAME847
3048,SN848,0,1006,SERVICENAME848
2621,SN849,2,1008,SERVICENAME849
1565,SN850,2,1009,SERVICENAME850
3551,SN851,0,1010,SERVICENAME851
1571,SN852,2,1011,SERVICENAME852