Id,SERVICE Name,SERVICE Owner
256,SERVICENAME01,Raymond Constantino
257,SERVICENAME02,Tony Gates
259,SERVICENAME03,Tony Gates
260,SERVICENAME04,Roger Totten
261,SERVICENAME05,Margaret Weiss
262,SERVICENAME06,Margaret Weiss
263,SERVICENAME07,Sybil Worrell
265,SERVICENAME08,Barbara Jones
266,SERVICENAME09,James Ashley
267,SERVICENAME10,James Ashley
268,SERVICENAME11,James Ashley
270,SERVICENAME12,Michelle Whitley
271,SERVICENAME13,Gladys Padgett
275,SERVICENAME14,Elizabeth Bailey
276,SERVICENAME15,Anthony Greenlee
277,SERVICENAME16,Donald Smith
278,SERVICENAME17,Donald Smith
280,SERVICENAME18,Donald Smith
281,SERVICENAME19,Donald Smith
282,SERVICENAME20,Donald Smith
283,SERVICENAME21,Donald Smith
285,SERVICENAME22,Donald Smith
286,SERVICENAME23,Donald Smith
287,SERVICENAME24,Ted Keller
288,SERVICENAME25,Matthew Cobb
289,SERVICENAME26,Mabel Runyon
291,SERVICENAME27,Dennis Armand
292,SERVICENAME28,Isaac Fleagle
293,SERVICENAME29,Isaac Fleagle
294,SERVICENAME30,Victoria Hapke
296,SERVICENAME31,Andrea Sacchetti
297,SERVICENAME32,Billie Miller
298,SERVICENAME33,Kandace Osuna
299,SERVICENAME34,Kandace Osuna
301,SERVICENAME35,Robert Olander
302,SERVICENAME36,Nicole Shiner
303,SERVICENAME37,Dorothy Lally
306,SERVICENAME38,Eric Staten
307,SERVICENAME39,Craig Monaghan
308,SERVICENAME40,Craig Monaghan
309,SERVICENAME41,Brian Edwards
310,SERVICENAME42,Eugene Downie
312,SERVICENAME43,Eugene Downie
313,SERVICENAME44,Sonia Johnson
314,SERVICENAME45,Carolyn Theis
315,SERVICENAME46,Pamela Sewell
317,SERVICENAME47,Pamela Sewell
318,SERVICENAME48,Jason Watts
319,SERVICENAME49,Jason Watts
320,SERVICENAME50,Jason Watts
322,SERVICENAME51,James Dixon
323,SERVICENAME52,James Dixon
324,SERVICENAME53,Sadie Oneal
325,SERVICENAME54,Richard Tate
327,SERVICENAME55,Richard Tate
329,SERVICENAME56,Patricia Evanich
330,SERVICENAME57,William Pearson
331,SERVICENAME58,Joseph Ewing
333,SERVICENAME59,James Ellis
334,SERVICENAME60,David Degaetano
335,SERVICENAME61,Jolene Mcconnell
336,SERVICENAME62,Lee Hunsaker
338,SERVICENAME63,Betty Booth
339,SERVICENAME64,Betty Booth
340,SERVICENAME65,Thomas Edmiston
341,SERVICENAME66,Bryan Koppenhaver
343,SERVICENAME67,Billie Baker
344,SERVICENAME68,Melissa Finneran
345,SERVICENAME69,Melissa Finneran
346,SERVICENAME70,Melissa Finneran
348,SERVICENAME71,Melissa Finneran
349,SERVICENAME72,Melissa Finneran
350,SERVICENAME73,Darryl Boger
351,SERVICENAME74,Maria Wangberg
352,SERVICENAME75,John Harris
354,SERVICENAME76,John Harris
355,SERVICENAME77,John Harris
356,SERVICENAME78,John Harris
357,SERVICENAME79,John Harris
359,SERVICENAME80,John Harris
360,SERVICENAME81,John Harris
361,SERVICENAME82,John Harris
362,SERVICENAME83,John Harris
364,SERVICENAME84,John Harris
365,SERVICENAME85,Shasta Carpenter
369,SERVICENAME86,Claudia Figueras
371,SERVICENAME87,Claudia Figueras
372,SERVICENAME88,Tom Rigel
374,SERVICENAME89,Tom Rigel
375,SERVICENAME90,Tom Rigel
376,SERVICENAME91,Birdie Talley
377,SERVICENAME92,Kenneth Calvert
378,SERVICENAME93,Manuel Amick
380,SERVICENAME94,Manuel Amick
381,SERVICENAME95,Mitchell Anderson
382,SERVICENAME96,Robert Cummings
383,SERVICENAME97,Dianna Espinosa
385,SERVICENAME98,Angela Hersh
386,SERVICENAME99,Mary Combest
388,SERVICENAME100,Aubrey Wilson
390,SERVICENAME101,Megan Zielinski
391,SERVICENAME102,Craig Jones
392,SERVICENAME103,Craig Jones
393,SERVICENAME104,Craig Jones
395,SERVICENAME105,James Mcglade
396,SERVICENAME106,Guy Rickenbacker
397,SERVICENAME107,Michelle Beezley
398,SERVICENAME108,Michelle Beezley
399,SERVICENAME109,Michelle Beezley
401,SERVICENAME110,Michelle Beezley
402,SERVICENAME111,Michelle Beezley
403,SERVICENAME112,Michelle Beezley
404,SERVICENAME113,Michelle Beezley
407,SERVICENAME114,Rose Abreu
408,SERVICENAME115,Rose Abreu
409,SERVICENAME116,Rose Abreu
411,SERVICENAME117,Rose Abreu
412,SERVICENAME118,Rose Abreu
413,SERVICENAME119,Rose Abreu
414,SERVICENAME120,Rose Abreu
416,SERVICENAME121,Rose Abreu
417,SERVICENAME122,Rose Abreu
418,SERVICENAME123,Rose Abreu
419,SERVICENAME124,Rose Abreu
420,SERVICENAME125,Rose Abreu
422,SERVICENAME126,Donna Turney
423,SERVICENAME127,Luis Reinkemeyer
427,SERVICENAME128,Luis Reinkemeyer
428,SERVICENAME129,Bertha Giese
429,SERVICENAME130,Bertha Giese
430,SERVICENAME131,Jorge Crow
432,SERVICENAME132,Elizabeth Mora
433,SERVICENAME133,Beth Alfaro
434,SERVICENAME134,Paula Logsdon
435,SERVICENAME135,Donna Goldstein
437,SERVICENAME136,Donna Goldstein
438,SERVICENAME137,Donna Goldstein
439,SERVICENAME138,Betty Richardson
440,SERVICENAME139,Betty Richardson
441,SERVICENAME140,Betty Richardson
443,SERVICENAME141,Betty Richardson
444,SERVICENAME142,Betty Richardson
445,SERVICENAME143,Betty Richardson
448,SERVICENAME144,Betty Richardson
449,SERVICENAME145,Betty Richardson
450,SERVICENAME146,Betty Richardson
451,SERVICENAME147,Betty Richardson
453,SERVICENAME148,Betty Richardson
454,SERVICENAME149,Betty Richardson
455,SERVICENAME150,Betty Richardson
456,SERVICENAME151,Betty Richardson
458,SERVICENAME152,Betty Richardson
459,SERVICENAME153,Betty Richardson
460,SERVICENAME154,Betty Richardson
461,SERVICENAME155,Betty Richardson
462,SERVICENAME156,William Sebek
464,SERVICENAME157,Patricia Ruth
465,SERVICENAME158,Colette Blackford
466,SERVICENAME159,Jose Quick
467,SERVICENAME160,Jose Quick
469,SERVICENAME161,Kenneth Kirk
470,SERVICENAME162,Joe Burkley
471,SERVICENAME163,Joe Burkley
472,SERVICENAME164,Dora Siever
474,SERVICENAME165,Dora Siever
475,SERVICENAME166,Donald Anderson
476,SERVICENAME167,Linda Tardif
477,SERVICENAME168,Linda Tardif
479,SERVICENAME169,Linda Tardif
480,SERVICENAME170,Linda Tardif
481,SERVICENAME171,Linda Tardif
482,SERVICENAME172,Linda Tardif
484,SERVICENAME173,Linda Tardif
485,SERVICENAME174,Linda Tardif
486,SERVICENAME175,Linda Tardif
487,SERVICENAME176,Linda Tardif
488,SERVICENAME177,Linda Tardif
490,SERVICENAME178,Linda Tardif
492,SERVICENAME179,Linda Tardif
493,SERVICENAME180,Linda Tardif
495,SERVICENAME181,Linda Tardif
496,SERVICENAME182,Linda Tardif
497,SERVICENAME183,Stacy Rodriquez
498,SERVICENAME184,Tracy Smith
500,SERVICENAME185,Ella Pickens
501,SERVICENAME186,Sam Woodworth
509,SERVICENAME187,Denise Xiong
511,SERVICENAME188,Denise Xiong
512,SERVICENAME189,Patricia Robinson
514,SERVICENAME190,Frank Stewart
516,SERVICENAME191,Frank Stewart
519,SERVICENAME192,Christopher Brady
524,SERVICENAME193,Alfred Ettienne
526,SERVICENAME194,Alfred Ettienne
534,SERVICENAME195,Christopher Robin
539,SERVICENAME196,George Mooneyhan
544,SERVICENAME197,Agripina Palka
550,SERVICENAME198,Raul Hassinger
551,SERVICENAME199,Michelle Carrington
589,SERVICENAME200,Michelle Carrington
590,SERVICENAME201,Michelle Carrington
591,SERVICENAME202,Michelle Carrington
592,SERVICENAME203,Michelle Carrington
597,SERVICENAME204,Michelle Carrington
616,SERVICENAME205,Michelle Carrington
617,SERVICENAME206,Michelle Carrington
618,SERVICENAME207,Michelle Carrington
619,SERVICENAME208,Michelle Carrington
623,SERVICENAME209,Jessica Cunningham
624,SERVICENAME210,Bryon Thornberry
631,SERVICENAME211,Bryon Thornberry
638,SERVICENAME212,William Cherry
645,SERVICENAME213,Anthony Herms
668,SERVICENAME214,Charles Stoner
671,SERVICENAME215,Maurice Galow
673,SERVICENAME216,Maurice Galow
679,SERVICENAME217,Jerry Guptill
683,SERVICENAME218,James Burton
716,SERVICENAME219,Stephen Batdorf
718,SERVICENAME220,Stephen Batdorf
720,SERVICENAME221,Stephen Batdorf
722,SERVICENAME222,Mark Smith
723,SERVICENAME223,Tammy Moses
725,SERVICENAME224,Tammy Moses
726,SERVICENAME225,Tammy Moses
727,SERVICENAME226,Tammy Moses
728,SERVICENAME227,Tammy Moses
729,SERVICENAME228,Tammy Moses
731,SERVICENAME229,Tammy Moses
732,SERVICENAME230,Tammy Moses
733,SERVICENAME231,Tammy Moses
734,SERVICENAME232,Tammy Moses
736,SERVICENAME233,Tammy Moses
739,SERVICENAME234,Tammy Moses
741,SERVICENAME235,Tammy Moses
742,SERVICENAME236,Tammy Moses
743,SERVICENAME237,Mary Taylor
744,SERVICENAME238,Shane Burke
746,SERVICENAME239,Shane Burke
747,SERVICENAME240,Shane Burke
748,SERVICENAME241,John Peeples
749,SERVICENAME242,Earl Harmon
752,SERVICENAME243,Earl Harmon
753,SERVICENAME244,Earl Harmon
754,SERVICENAME245,Earl Harmon
755,SERVICENAME246,Earl Harmon
757,SERVICENAME247,Earl Harmon
758,SERVICENAME248,Earl Harmon
759,SERVICENAME249,Earl Harmon
760,SERVICENAME250,Earl Harmon
762,SERVICENAME251,Earl Harmon
763,SERVICENAME252,Earl Harmon
764,SERVICENAME253,Earl Harmon
765,SERVICENAME254,Earl Harmon
767,SERVICENAME255,Earl Harmon
768,SERVICENAME256,Earl Harmon
769,SERVICENAME257,Earl Harmon
770,SERVICENAME258,Earl Harmon
771,SERVICENAME259,Earl Harmon
773,SERVICENAME260,Earl Harmon
774,SERVICENAME261,Earl Harmon
775,SERVICENAME262,Earl Harmon
776,SERVICENAME263,Blair Mckissick
778,SERVICENAME264,Everett Mcneill
779,SERVICENAME265,Everett Mcneill
780,SERVICENAME266,Everett Mcneill
781,SERVICENAME267,Everett Mcneill
783,SERVICENAME268,Everett Mcneill
784,SERVICENAME269,Everett Mcneill
785,SERVICENAME270,Everett Mcneill
786,SERVICENAME271,Everett Mcneill
788,SERVICENAME272,Everett Mcneill
790,SERVICENAME273,Everett Mcneill
791,SERVICENAME274,Everett Mcneill
793,SERVICENAME275,Everett Mcneill
794,SERVICENAME276,Everett Mcneill
795,SERVICENAME277,Everett Mcneill
796,SERVICENAME278,Everett Mcneill
797,SERVICENAME279,Everett Mcneill
799,SERVICENAME280,Everett Mcneill
800,SERVICENAME281,Everett Mcneill
801,SERVICENAME282,Everett Mcneill
802,SERVICENAME283,Everett Mcneill
805,SERVICENAME284,Everett Mcneill
806,SERVICENAME285,Everett Mcneill
807,SERVICENAME286,Everett Mcneill
809,SERVICENAME287,Everett Mcneill
810,SERVICENAME288,Everett Mcneill
811,SERVICENAME289,Everett Mcneill
814,SERVICENAME290,Everett Mcneill
815,SERVICENAME291,Everett Mcneill
816,SERVICENAME292,Everett Mcneill
817,SERVICENAME293,Everett Mcneill
818,SERVICENAME294,Everett Mcneill
820,SERVICENAME295,Everett Mcneill
821,SERVICENAME296,Everett Mcneill
822,SERVICENAME297,Everett Mcneill
823,SERVICENAME298,Everett Mcneill
825,SERVICENAME299,Everett Mcneill
826,SERVICENAME300,Everett Mcneill
827,SERVICENAME301,Everett Mcneill
828,SERVICENAME302,Everett Mcneill
830,SERVICENAME303,Everett Mcneill
831,SERVICENAME304,Everett Mcneill
832,SERVICENAME305,Everett Mcneill
833,SERVICENAME306,Everett Mcneill
835,SERVICENAME307,Everett Mcneill
839,SERVICENAME308,Maggie Wallace
842,SERVICENAME309,Victoria Mcintosh
843,SERVICENAME310,Victoria Mcintosh
844,SERVICENAME311,Victoria Mcintosh
846,SERVICENAME312,Victoria Mcintosh
847,SERVICENAME313,Victoria Mcintosh
848,SERVICENAME314,Victoria Mcintosh
853,SERVICENAME315,Victoria Mcintosh
857,SERVICENAME316,Victoria Mcintosh
858,SERVICENAME317,Victoria Mcintosh
864,SERVICENAME318,Victoria Mcintosh
868,SERVICENAME319,Victoria Mcintosh
869,SERVICENAME320,Victoria Mcintosh
870,SERVICENAME321,Victoria Mcintosh
875,SERVICENAME322,Victoria Mcintosh
877,SERVICENAME323,Victoria Mcintosh
878,SERVICENAME324,Victoria Mcintosh
879,SERVICENAME325,Victoria Mcintosh
880,SERVICENAME326,Victoria Mcintosh
881,SERVICENAME327,Victoria Mcintosh
883,SERVICENAME328,Victoria Mcintosh
886,SERVICENAME329,Victoria Mcintosh
890,SERVICENAME330,Victoria Mcintosh
891,SERVICENAME331,Victoria Mcintosh
893,SERVICENAME332,Victoria Mcintosh
898,SERVICENAME333,Victoria Mcintosh
901,SERVICENAME334,Victoria Mcintosh
903,SERVICENAME335,Victoria Mcintosh
905,SERVICENAME336,Victoria Mcintosh
906,SERVICENAME337,Victoria Mcintosh
907,SERVICENAME338,Victoria Mcintosh
909,SERVICENAME339,Victoria Mcintosh
910,SERVICENAME340,Victoria Mcintosh
911,SERVICENAME341,Victoria Mcintosh
912,SERVICENAME342,Victoria Mcintosh
914,SERVICENAME343,Victoria Mcintosh
915,SERVICENAME344,Victoria Mcintosh
917,SERVICENAME345,Brenda Guiterrez
919,SERVICENAME346,Brenda Guiterrez
920,SERVICENAME347,Brenda Guiterrez
921,SERVICENAME348,John Thomas
922,SERVICENAME349,Robert Appleby
924,SERVICENAME350,Kerry Clarkson
925,SERVICENAME351,Ruby Trahan
927,SERVICENAME352,Ruby Trahan
930,SERVICENAME353,Ruby Trahan
931,SERVICENAME354,Ruby Trahan
932,SERVICENAME355,Harvey Millsaps
933,SERVICENAME356,Harvey Millsaps
935,SERVICENAME357,Harvey Millsaps
936,SERVICENAME358,Charles Ferguson
938,SERVICENAME359,Leo Wigington
940,SERVICENAME360,Katie Bingham
942,SERVICENAME361,Katie Bingham
943,SERVICENAME362,Katie Bingham
945,SERVICENAME363,Katie Bingham
946,SERVICENAME364,Katie Bingham
948,SERVICENAME365,Katie Bingham
951,SERVICENAME366,Katie Bingham
956,SERVICENAME367,Ruth Oakley
959,SERVICENAME368,William Wait
961,SERVICENAME369,Carmen Seaney
962,SERVICENAME370,Carmen Seaney
963,SERVICENAME371,Carmen Seaney
964,SERVICENAME372,Elizabeth Mutter
966,SERVICENAME373,Laura Campbell
967,SERVICENAME374,Laura Campbell
968,SERVICENAME375,Laura Campbell
969,SERVICENAME376,Laura Campbell
972,SERVICENAME377,Laura Campbell
973,SERVICENAME378,Laura Campbell
974,SERVICENAME379,Dorothy Menendez
975,SERVICENAME380,Dorothy Menendez
979,SERVICENAME381,Dorothy Menendez
980,SERVICENAME382,Dorothy Menendez
982,SERVICENAME383,Dorothy Menendez
983,SERVICENAME384,Dorothy Menendez
984,SERVICENAME385,Dorothy Menendez
985,SERVICENAME386,Dorothy Menendez
988,SERVICENAME387,George Proctor
989,SERVICENAME388,George Proctor
990,SERVICENAME389,Bonnie Humes
992,SERVICENAME390,Leroy Vela
993,SERVICENAME391,Leroy Vela
994,SERVICENAME392,Leroy Vela
995,SERVICENAME393,Leroy Vela
996,SERVICENAME394,Douglas Woodruff
998,SERVICENAME395,Douglas Woodruff
999,SERVICENAME396,Douglas Woodruff
1000,SERVICENAME397,Douglas Woodruff
1001,SERVICENAME398,Mary Falk
1003,SERVICENAME399,Laura Brewer
1004,SERVICENAME400,Laura Brewer
1005,SERVICENAME401,Laura Brewer
1006,SERVICENAME402,Laura Brewer
1008,SERVICENAME403,Aida Vito
1009,SERVICENAME404,Aida Vito
1010,SERVICENAME405,Aida Vito
1011,SERVICENAME406,